source_id,rule_key,rule_object,constraint_type,subject,operator,value,unit,condition,exception,evidence_text,warnings,source_stream,batch_id,rule_id,applies_to,applies_to_objects,scope_count,scope_mode,merged_rule_ids,merged_rule_count,dedup_status,review_reasons,review_required,merged_rule_id,approval_type,rule_object_original
page_0001__table_001,permitted_use_small_scale_multi_unit_housing,permitted_use,permitted_use,Small-Scale Multi-Unit Housing,permitted,,,Principal Use,,Principal Use | Small-Scale Multi-Unit Housing | -,[],gemini_table_image,page_0001__table_001,pipeline10_rule_0001,"[{'rule_id': 'pipeline10_rule_0001', 'rule_object': 'permitted_use', 'condition': 'Principal Use'}]",['permitted_use'],1,single_scope,['pipeline10_rule_0001'],1,kept,[],False,pipeline5_merged_rule_0001,permitted,
page_0001__table_001,permitted_use_rowhouse_dwellings,permitted_use,permitted_use,Rowhouse Dwellings,permitted,,,Principal Use; Use-Specific Regulations: 101.5.2,,Principal Use | Rowhouse Dwellings | 101.5.2,[],gemini_table_image,page_0001__table_001,pipeline10_rule_0002,"[{'rule_id': 'pipeline10_rule_0002', 'rule_object': 'permitted_use', 'condition': 'Principal Use; Use-Specific Regulations: 101.5.2'}]",['permitted_use'],1,single_scope,['pipeline10_rule_0002'],1,kept,[],False,pipeline5_merged_rule_0002,permitted,
page_0001__table_002,rowhouse_min_lot_width_interior,lot_width,minimum,Rowhouse .1,>=,5,m,Interior Lot,except 6.2 m for end unit lots,"Dwelling Type | Rowhouse .1 | Minimum Lot Width .2 | Interior Lot | 5 m, except 6.2 m for end unit lots",[],gemini_table_image,page_0001__table_002,pipeline10_rule_0011,"[{'rule_id': 'pipeline10_rule_0011', 'rule_object': 'lot_width', 'condition': 'Interior Lot'}]",['lot_width'],1,single_scope,['pipeline10_rule_0011'],1,kept,['exception_requires_atomic_review'],True,pipeline5_merged_rule_0011,,
page_0001__table_002,rowhouse_min_lot_width_interior_end_unit,lot_width,minimum,Rowhouse .1,>=,6.2,m,Interior Lot; end unit lots,,"Dwelling Type | Rowhouse .1 | Minimum Lot Width .2 | Interior Lot | 5 m, except 6.2 m for end unit lots",[],gemini_table_image,page_0001__table_002,pipeline10_rule_0012,"[{'rule_id': 'pipeline10_rule_0012', 'rule_object': 'lot_width', 'condition': 'Interior Lot; end unit lots'}]",['lot_width'],1,single_scope,['pipeline10_rule_0012'],1,kept,[],False,pipeline5_merged_rule_0012,,
page_0001__table_002,small_scale_multi_unit_min_lot_width_interior,lot_width,minimum,Small-Scale Multi-Unit,>=,10,m,Interior Lot,,Dwelling Type | Small-Scale Multi-Unit | Minimum Lot Width .2 | Interior Lot | 10 m,[],gemini_table_image,page_0001__table_002,pipeline10_rule_0013,"[{'rule_id': 'pipeline10_rule_0013', 'rule_object': 'lot_width', 'condition': 'Interior Lot'}]",['lot_width'],1,single_scope,['pipeline10_rule_0013'],1,kept,[],False,pipeline5_merged_rule_0013,,
page_0001__table_002,rowhouse_min_lot_width_corner_street,lot_width,minimum,Rowhouse .1,>=,8,m,Corner Lot - Street,,Dwelling Type | Rowhouse .1 | Minimum Lot Width .2 | Corner Lot - Street | 8 m,[],gemini_table_image,page_0001__table_002,pipeline10_rule_0014,"[{'rule_id': 'pipeline10_rule_0014', 'rule_object': 'lot_width', 'condition': 'Corner Lot - Street'}]",['lot_width'],1,single_scope,['pipeline10_rule_0014'],1,kept,[],False,pipeline5_merged_rule_0014,,
page_0001__table_002,small_scale_multi_unit_min_lot_width_corner_street,lot_width,minimum,Small-Scale Multi-Unit,>=,10,m,Corner Lot - Street,,Dwelling Type | Small-Scale Multi-Unit | Minimum Lot Width .2 | Corner Lot - Street | 10 m,[],gemini_table_image,page_0001__table_002,pipeline10_rule_0015,"[{'rule_id': 'pipeline10_rule_0015', 'rule_object': 'lot_width', 'condition': 'Corner Lot - Street'}]",['lot_width'],1,single_scope,['pipeline10_rule_0015'],1,kept,[],False,pipeline5_merged_rule_0015,,
page_0001__table_002,rowhouse_min_lot_width_corner_lane,lot_width,minimum,Rowhouse .1,>=,6.2,m,Corner Lot - Lane,,Dwelling Type | Rowhouse .1 | Minimum Lot Width .2 | Corner Lot - Lane | 6.2 m,[],gemini_table_image,page_0001__table_002,pipeline10_rule_0016,"[{'rule_id': 'pipeline10_rule_0016', 'rule_object': 'lot_width', 'condition': 'Corner Lot - Lane'}]",['lot_width'],1,single_scope,['pipeline10_rule_0016'],1,kept,[],False,pipeline5_merged_rule_0016,,
page_0001__table_002,small_scale_multi_unit_min_lot_width_corner_lane,lot_width,minimum,Small-Scale Multi-Unit,>=,10,m,Corner Lot - Lane,,Dwelling Type | Small-Scale Multi-Unit | Minimum Lot Width .2 | Corner Lot - Lane | 10 m,[],gemini_table_image,page_0001__table_002,pipeline10_rule_0017,"[{'rule_id': 'pipeline10_rule_0017', 'rule_object': 'lot_width', 'condition': 'Corner Lot - Lane'}]",['lot_width'],1,single_scope,['pipeline10_rule_0017'],1,kept,[],False,pipeline5_merged_rule_0017,,
page_0001__table_002,small_scale_multi_unit_min_lot_area,lot_area,minimum,Small-Scale Multi-Unit,>=,281,m2,,,Dwelling Type | Small-Scale Multi-Unit | Lot Area .3 | Minimum Lot Area | 281 m²,[],gemini_table_image,page_0001__table_002,pipeline10_rule_0018,"[{'rule_id': 'pipeline10_rule_0018', 'rule_object': 'lot_area', 'condition': ''}]",['lot_area'],1,single_scope,['pipeline10_rule_0018'],1,kept,[],False,pipeline5_merged_rule_0018,,
page_0001__table_002,rowhouse_max_lot_area,lot_area,maximum,Rowhouse .1,<=,280,m2,,,Dwelling Type | Rowhouse .1 | Lot Area .3 | Maximum Lot Area | 280 m²,[],gemini_table_image,page_0001__table_002,pipeline10_rule_0019,"[{'rule_id': 'pipeline10_rule_0019', 'rule_object': 'lot_area', 'condition': ''}]",['lot_area'],1,single_scope,['pipeline10_rule_0019'],1,kept,[],False,pipeline5_merged_rule_0019,,
page_0002__table_001,permitted_dwelling_units_rowhouse,dwelling_units,permitted_range,Rowhouse,range,1-3,units,including secondary suites,,Permitted Dwelling Units (including secondary suites) | Rowhouse | 1 to 3 Units,[],gemini_table_image,page_0002__table_001,pipeline10_rule_0020,"[{'rule_id': 'pipeline10_rule_0020', 'rule_object': 'dwelling_units', 'condition': 'including secondary suites'}]",['dwelling_units'],1,single_scope,['pipeline10_rule_0020'],1,kept,[],False,pipeline5_merged_rule_0020,,
page_0002__table_001,permitted_dwelling_units_ssmu_1_2,dwelling_units,permitted_range,Small-Scale Multi-Unit,range,1-2,units,including secondary suites,,Permitted Dwelling Units (including secondary suites) | Small-Scale Multi-Unit | 1 to 2 Units,[],gemini_table_image,page_0002__table_001,pipeline10_rule_0021,"[{'rule_id': 'pipeline10_rule_0021', 'rule_object': 'dwelling_units', 'condition': 'including secondary suites'}]",['dwelling_units'],1,single_scope,['pipeline10_rule_0021'],1,kept,[],False,pipeline5_merged_rule_0021,,
page_0002__table_001,permitted_dwelling_units_ssmu_3_4,dwelling_units,permitted_range,Small-Scale Multi-Unit,range,3-4,units,including secondary suites,,Permitted Dwelling Units (including secondary suites) | Small-Scale Multi-Unit | 3 to 4 Units,[],gemini_table_image,page_0002__table_001,pipeline10_rule_0022,"[{'rule_id': 'pipeline10_rule_0022', 'rule_object': 'dwelling_units', 'condition': 'including secondary suites'}]",['dwelling_units'],1,single_scope,['pipeline10_rule_0022'],1,kept,[],False,pipeline5_merged_rule_0022,,
page_0002__table_001,permitted_dwelling_units_ssmu_5_6,dwelling_units,permitted_range,Small-Scale Multi-Unit,range,5-6,units,including secondary suites; Frequent Transit Network Area Only,,Permitted Dwelling Units (including secondary suites) | Small-Scale Multi-Unit | 5 to 6 Units Frequent Transit Network Area Only,[],gemini_table_image,page_0002__table_001,pipeline10_rule_0023,"[{'rule_id': 'pipeline10_rule_0023', 'rule_object': 'dwelling_units', 'condition': 'including secondary suites; Frequent Transit Network Area Only'}]",['dwelling_units'],1,single_scope,['pipeline10_rule_0023'],1,kept,[],False,pipeline5_merged_rule_0023,,
page_0002__table_001,min_lot_area_ssmu_3_4,lot_area,minimum,Small-Scale Multi-Unit,>=,281,m2,3 to 4 Units; 4 Units Only,,Minimum Lot Area | Small-Scale Multi-Unit | 3 to 4 Units | 4 Units Only: 281 m²,[],gemini_table_image,page_0002__table_001,pipeline10_rule_0024,"[{'rule_id': 'pipeline10_rule_0024', 'rule_object': 'lot_area', 'condition': '3 to 4 Units; 4 Units Only'}]",['lot_area'],1,single_scope,['pipeline10_rule_0024'],1,kept,[],False,pipeline5_merged_rule_0024,,
page_0002__table_001,min_lot_area_ssmu_5_6,lot_area,minimum,Small-Scale Multi-Unit,>=,281,m2,5 to 6 Units; Frequent Transit Network Area Only,,Minimum Lot Area | Small-Scale Multi-Unit | 5 to 6 Units Frequent Transit Network Area Only | 281 m²,[],gemini_table_image,page_0002__table_001,pipeline10_rule_0025,"[{'rule_id': 'pipeline10_rule_0025', 'rule_object': 'lot_area', 'condition': '5 to 6 Units; Frequent Transit Network Area Only'}]",['lot_area'],1,single_scope,['pipeline10_rule_0025'],1,kept,[],False,pipeline5_merged_rule_0025,,
page_0002__table_001,max_lot_area_rowhouse,lot_area,maximum,Rowhouse,<=,280,m2,1 to 3 Units,,Maximum Lot Area .1 | Rowhouse | 1 to 3 Units | 280 m²,[],gemini_table_image,page_0002__table_001,pipeline10_rule_0026,"[{'rule_id': 'pipeline10_rule_0026', 'rule_object': 'lot_area', 'condition': '1 to 3 Units'}]",['lot_area'],1,single_scope,['pipeline10_rule_0026'],1,kept,[],False,pipeline5_merged_rule_0026,,
page_0002__table_001,max_lot_coverage_all_buildings_rowhouse,lot_coverage,maximum,All Buildings,<=,55,%,Rowhouse; 1 to 3 Units,,Maximum Lot Coverage | All Buildings | Rowhouse | 1 to 3 Units | 55%,[],gemini_table_image,page_0002__table_001,pipeline10_rule_0027,"[{'rule_id': 'pipeline10_rule_0027', 'rule_object': 'lot_coverage', 'condition': 'Rowhouse; 1 to 3 Units'}]",['lot_coverage'],1,single_scope,['pipeline10_rule_0027'],1,kept,[],False,pipeline5_merged_rule_0027,,
page_0002__table_001,max_lot_coverage_all_buildings_ssmu_1_2_le_567,lot_coverage,maximum,All Buildings,<=,40,%,Small-Scale Multi-Unit; 1 to 2 Units; Lots <= 567 m²,,Maximum Lot Coverage | All Buildings | Small-Scale Multi-Unit | 1 to 2 Units | Lots <= 567 m²: 40%,[],gemini_table_image,page_0002__table_001,pipeline10_rule_0028,"[{'rule_id': 'pipeline10_rule_0028', 'rule_object': 'lot_coverage', 'condition': 'Small-Scale Multi-Unit; 1 to 2 Units; Lots <= 567 m²'}]",['lot_coverage'],1,single_scope,['pipeline10_rule_0028'],1,kept,[],False,pipeline5_merged_rule_0028,,
page_0002__table_001,max_lot_coverage_all_buildings_ssmu_1_2_gt_567,lot_coverage,maximum,All Buildings,<=,30,%,Small-Scale Multi-Unit; 1 to 2 Units; Lots > 567 m²,,Maximum Lot Coverage | All Buildings | Small-Scale Multi-Unit | 1 to 2 Units | Lots > 567 m²: 30%,[],gemini_table_image,page_0002__table_001,pipeline10_rule_0029,"[{'rule_id': 'pipeline10_rule_0029', 'rule_object': 'lot_coverage', 'condition': 'Small-Scale Multi-Unit; 1 to 2 Units; Lots > 567 m²'}]",['lot_coverage'],1,single_scope,['pipeline10_rule_0029'],1,kept,[],False,pipeline5_merged_rule_0029,,
page_0002__table_001,max_lot_coverage_all_buildings_ssmu_3_4,lot_coverage,maximum,All Buildings,<=,40,%,Small-Scale Multi-Unit; 3 to 4 Units,,Maximum Lot Coverage | All Buildings | Small-Scale Multi-Unit | 3 to 4 Units | 40%,[],gemini_table_image,page_0002__table_001,pipeline10_rule_0030,"[{'rule_id': 'pipeline10_rule_0030', 'rule_object': 'lot_coverage', 'condition': 'Small-Scale Multi-Unit; 3 to 4 Units'}]",['lot_coverage'],1,single_scope,['pipeline10_rule_0030'],1,kept,[],False,pipeline5_merged_rule_0030,,
page_0002__table_001,max_lot_coverage_all_buildings_ssmu_5_6,lot_coverage,maximum,All Buildings,<=,45,%,Small-Scale Multi-Unit; 5 to 6 Units Frequent Transit Network Area Only,,Maximum Lot Coverage | All Buildings | Small-Scale Multi-Unit | 5 to 6 Units Frequent Transit Network Area Only | 45%,[],gemini_table_image,page_0002__table_001,pipeline10_rule_0031,"[{'rule_id': 'pipeline10_rule_0031', 'rule_object': 'lot_coverage', 'condition': 'Small-Scale Multi-Unit; 5 to 6 Units Frequent Transit Network Area Only'}]",['lot_coverage'],1,single_scope,['pipeline10_rule_0031'],1,kept,[],False,pipeline5_merged_rule_0031,,
page_0002__table_001,max_lot_coverage_impervious_rowhouse,lot_coverage,maximum,Impervious Surfaces,<=,70,%,Rowhouse; 1 to 3 Units,,Maximum Lot Coverage | Impervious Surfaces | Rowhouse | 1 to 3 Units | 70%,[],gemini_table_image,page_0002__table_001,pipeline10_rule_0032,"[{'rule_id': 'pipeline10_rule_0032', 'rule_object': 'lot_coverage', 'condition': 'Rowhouse; 1 to 3 Units'}]",['lot_coverage'],1,single_scope,['pipeline10_rule_0032'],1,kept,[],False,pipeline5_merged_rule_0032,,
page_0002__table_001,max_lot_coverage_impervious_ssmu_1_2,lot_coverage,maximum,Impervious Surfaces,<=,60,%,Small-Scale Multi-Unit; 1 to 2 Units,,Maximum Lot Coverage | Impervious Surfaces | Small-Scale Multi-Unit | 1 to 2 Units | 60%,[],gemini_table_image,page_0002__table_001,pipeline10_rule_0033,"[{'rule_id': 'pipeline10_rule_0033', 'rule_object': 'lot_coverage', 'condition': 'Small-Scale Multi-Unit; 1 to 2 Units'}]",['lot_coverage'],1,single_scope,['pipeline10_rule_0033'],1,kept,[],False,pipeline5_merged_rule_0033,,
page_0002__table_001,max_lot_coverage_impervious_ssmu_3_4,lot_coverage,maximum,Impervious Surfaces,<=,60,%,Small-Scale Multi-Unit; 3 to 4 Units,,Maximum Lot Coverage | Impervious Surfaces | Small-Scale Multi-Unit | 3 to 4 Units | 60%,[],gemini_table_image,page_0002__table_001,pipeline10_rule_0034,"[{'rule_id': 'pipeline10_rule_0034', 'rule_object': 'lot_coverage', 'condition': 'Small-Scale Multi-Unit; 3 to 4 Units'}]",['lot_coverage'],1,single_scope,['pipeline10_rule_0034'],1,kept,[],False,pipeline5_merged_rule_0034,,
page_0002__table_001,max_lot_coverage_impervious_ssmu_5_6,lot_coverage,maximum,Impervious Surfaces,<=,70,%,Small-Scale Multi-Unit; 5 to 6 Units Frequent Transit Network Area Only,,Maximum Lot Coverage | Impervious Surfaces | Small-Scale Multi-Unit | 5 to 6 Units Frequent Transit Network Area Only | 70%,[],gemini_table_image,page_0002__table_001,pipeline10_rule_0035,"[{'rule_id': 'pipeline10_rule_0035', 'rule_object': 'lot_coverage', 'condition': 'Small-Scale Multi-Unit; 5 to 6 Units Frequent Transit Network Area Only'}]",['lot_coverage'],1,single_scope,['pipeline10_rule_0035'],1,kept,[],False,pipeline5_merged_rule_0035,,
page_0002__table_001,max_height_front_principal_sloping,building_height,maximum,Front Principal Buildings,<=,10,m,sloping roof,,Maximum Height | Front Principal Buildings | Height | sloping roof: 10 m,[],gemini_table_image,page_0002__table_001,pipeline10_rule_0036,"[{'rule_id': 'pipeline10_rule_0036', 'rule_object': 'height', 'condition': 'sloping roof'}]",['height'],1,single_scope,['pipeline10_rule_0036'],1,kept,[],False,pipeline5_merged_rule_0036,,height
page_0002__table_001,max_height_front_principal_flat,building_height,maximum,Front Principal Buildings,<=,9.5,m,flat roof,,Maximum Height | Front Principal Buildings | Height | flat roof: 9.5 m,[],gemini_table_image,page_0002__table_001,pipeline10_rule_0037,"[{'rule_id': 'pipeline10_rule_0037', 'rule_object': 'height', 'condition': 'flat roof'}]",['height'],1,single_scope,['pipeline10_rule_0037'],1,kept,[],False,pipeline5_merged_rule_0037,,height
page_0002__table_001,max_storeys_front_principal_rowhouse,building_height,maximum,Front Principal Buildings,<=,3,storeys,Rowhouse; 1 to 3 Units; basement inclusive,,Maximum Height | Front Principal Buildings | Storeys (basement inclusive) | Rowhouse | 1 to 3 Units | 3 storeys,[],gemini_table_image,page_0002__table_001,pipeline10_rule_0038,"[{'rule_id': 'pipeline10_rule_0038', 'rule_object': 'height', 'condition': 'Rowhouse; 1 to 3 Units; basement inclusive'}]",['height'],1,single_scope,['pipeline10_rule_0038'],1,kept,[],False,pipeline5_merged_rule_0038,,height
page_0002__table_001,max_storeys_front_principal_ssmu_1_2,building_height,maximum,Front Principal Buildings,<=,2.5,storeys,Small-Scale Multi-Unit; 1 to 2 Units; basement inclusive,,Maximum Height | Front Principal Buildings | Storeys (basement inclusive) | Small-Scale Multi-Unit | 1 to 2 Units | 2.5 storeys,[],gemini_table_image,page_0002__table_001,pipeline10_rule_0039,"[{'rule_id': 'pipeline10_rule_0039', 'rule_object': 'height', 'condition': 'Small-Scale Multi-Unit; 1 to 2 Units; basement inclusive'}]",['height'],1,single_scope,['pipeline10_rule_0039'],1,kept,[],False,pipeline5_merged_rule_0039,,height
page_0002__table_001,max_storeys_front_principal_ssmu_3_plus,building_height,maximum,Front Principal Buildings,<=,3,storeys,"Small-Scale Multi-Unit; 3 to 4 Units, 5 to 6 Units Frequent Transit Network Area Only; basement inclusive",,Maximum Height | Front Principal Buildings | Storeys (basement inclusive) | Small-Scale Multi-Unit | 3 to 4 Units | 5 to 6 Units Frequent Transit Network Area Only | 3 storeys,[],gemini_table_image,page_0002__table_001,pipeline10_rule_0040,"[{'rule_id': 'pipeline10_rule_0040', 'rule_object': 'height', 'condition': 'Small-Scale Multi-Unit; 3 to 4 Units, 5 to 6 Units Frequent Transit Network Area Only; basement inclusive'}]",['height'],1,single_scope,['pipeline10_rule_0040'],1,kept,[],False,pipeline5_merged_rule_0040,,height
page_0002__table_001,max_height_rear_principal_sloping,building_height,maximum,Rear Principal Buildings,<=,7.5,m,sloping roof,,Maximum Height | Rear Principal Buildings | Height | sloping roof: 7.5 m,[],gemini_table_image,page_0002__table_001,pipeline10_rule_0041,"[{'rule_id': 'pipeline10_rule_0041', 'rule_object': 'height', 'condition': 'sloping roof'}]",['height'],1,single_scope,['pipeline10_rule_0041'],1,kept,[],False,pipeline5_merged_rule_0041,,height
page_0002__table_001,max_height_rear_principal_flat,building_height,maximum,Rear Principal Buildings,<=,7.0,m,flat roof,,Maximum Height | Rear Principal Buildings | Height | flat roof: 7.0 m,[],gemini_table_image,page_0002__table_001,pipeline10_rule_0042,"[{'rule_id': 'pipeline10_rule_0042', 'rule_object': 'height', 'condition': 'flat roof'}]",['height'],1,single_scope,['pipeline10_rule_0042'],1,kept,[],False,pipeline5_merged_rule_0042,,height
page_0002__table_001,max_storeys_rear_principal,building_height,maximum,Rear Principal Buildings,<=,2,storeys,basement inclusive,,Maximum Height | Rear Principal Buildings | Storeys (basement inclusive) | 2 storeys,[],gemini_table_image,page_0002__table_001,pipeline10_rule_0043,"[{'rule_id': 'pipeline10_rule_0043', 'rule_object': 'height', 'condition': 'basement inclusive'}]",['height'],1,single_scope,['pipeline10_rule_0043'],1,kept,[],False,pipeline5_merged_rule_0043,,height
page_0002__table_001,max_height_accessory_m,building_height,maximum,Accessory Buildings,<=,4.0,m,,,Maximum Height | Accessory Buildings | 4.0 m,[],gemini_table_image,page_0002__table_001,pipeline10_rule_0044,"[{'rule_id': 'pipeline10_rule_0044', 'rule_object': 'height', 'condition': ''}]",['height'],1,single_scope,['pipeline10_rule_0044'],1,kept,[],False,pipeline5_merged_rule_0044,,height
page_0002__table_001,max_height_accessory_storeys,building_height,maximum,Accessory Buildings,<=,1,storeys,,,Maximum Height | Accessory Buildings | 1 storey,[],gemini_table_image,page_0002__table_001,pipeline10_rule_0045,"[{'rule_id': 'pipeline10_rule_0045', 'rule_object': 'height', 'condition': ''}]",['height'],1,single_scope,['pipeline10_rule_0045'],1,kept,[],False,pipeline5_merged_rule_0045,,height
page_0002__table_001,min_setback_street_yard_rowhouse,building_setback,minimum,Street Yard,>=,3.0,m,Rowhouse; 1 to 3 Units; All Buildings,,Minimum Lot Line Setbacks for All Buildings .2 .3 | Street Yard | Rowhouse | 1 to 3 Units | 3.0 m,[],gemini_table_image,page_0002__table_001,pipeline10_rule_0046,"[{'rule_id': 'pipeline10_rule_0046', 'rule_object': 'setback', 'condition': 'Rowhouse; 1 to 3 Units; All Buildings'}]",['setback'],1,single_scope,['pipeline10_rule_0046'],1,kept,[],False,pipeline5_merged_rule_0046,,setback
page_0002__table_001,min_setback_street_yard_ssmu_front,building_setback,minimum,Street Yard,>=,4.0,m,Small-Scale Multi-Unit; All Buildings; front,,Minimum Lot Line Setbacks for All Buildings .2 .3 | Street Yard | Small-Scale Multi-Unit | front: 4.0 m,[],gemini_table_image,page_0002__table_001,pipeline10_rule_0047,"[{'rule_id': 'pipeline10_rule_0047', 'rule_object': 'setback', 'condition': 'Small-Scale Multi-Unit; All Buildings; front'}]",['setback'],1,single_scope,['pipeline10_rule_0047'],1,kept,[],False,pipeline5_merged_rule_0047,,setback
page_0002__table_001,min_setback_street_yard_ssmu_flanking,building_setback,minimum,Street Yard,>=,3.0,m,Small-Scale Multi-Unit; All Buildings; flanking,,Minimum Lot Line Setbacks for All Buildings .2 .3 | Street Yard | Small-Scale Multi-Unit | flanking: 3.0 m,[],gemini_table_image,page_0002__table_001,pipeline10_rule_0048,"[{'rule_id': 'pipeline10_rule_0048', 'rule_object': 'setback', 'condition': 'Small-Scale Multi-Unit; All Buildings; flanking'}]",['setback'],1,single_scope,['pipeline10_rule_0048'],1,kept,[],False,pipeline5_merged_rule_0048,,setback
page_0002__table_001,min_setback_lane_yard,building_setback,minimum,Lane Yard,>=,1.5,m,All Buildings,,Minimum Lot Line Setbacks for All Buildings .2 .3 | Lane Yard | 1.5 m,[],gemini_table_image,page_0002__table_001,pipeline10_rule_0049,"[{'rule_id': 'pipeline10_rule_0049', 'rule_object': 'setback', 'condition': 'All Buildings'}]",['setback'],1,single_scope,['pipeline10_rule_0049'],1,kept,[],False,pipeline5_merged_rule_0049,,setback
page_0002__table_001,min_setback_interior_rear_yard,building_setback,minimum,Interior Rear Yard,>=,3.0,m,All Buildings,1.5 m for accessory buildings,"Minimum Lot Line Setbacks for All Buildings .2 .3 | Interior Rear Yard | 3.0 m, except 1.5 m for accessory buildings",[],gemini_table_image,page_0002__table_001,pipeline10_rule_0050,"[{'rule_id': 'pipeline10_rule_0050', 'rule_object': 'setback', 'condition': 'All Buildings'}]",['setback'],1,single_scope,['pipeline10_rule_0050'],1,kept,['exception_requires_atomic_review'],True,pipeline5_merged_rule_0050,,setback
page_0002__table_001,min_setback_interior_rear_yard_accessory,building_setback,minimum,Interior Rear Yard,>=,1.5,m,accessory buildings,,"Minimum Lot Line Setbacks for All Buildings .2 .3 | Interior Rear Yard | 3.0 m, except 1.5 m for accessory buildings",[],gemini_table_image,page_0002__table_001,pipeline10_rule_0051,"[{'rule_id': 'pipeline10_rule_0051', 'rule_object': 'setback', 'condition': 'accessory buildings'}]",['setback'],1,single_scope,['pipeline10_rule_0051'],1,kept,[],False,pipeline5_merged_rule_0051,,setback
page_0002__table_001,min_setback_interior_side_yard_rowhouse,building_setback,minimum,Interior Side Yard,>=,0,m,Rowhouse; 1 to 3 Units; All Buildings,1.2 m for end unit lots,"Minimum Lot Line Setbacks for All Buildings .2 .3 | Interior Side Yard | Rowhouse | 1 to 3 Units | 0 m, except 1.2 m for end unit lots",[],gemini_table_image,page_0002__table_001,pipeline10_rule_0052,"[{'rule_id': 'pipeline10_rule_0052', 'rule_object': 'setback', 'condition': 'Rowhouse; 1 to 3 Units; All Buildings'}]",['setback'],1,single_scope,['pipeline10_rule_0052'],1,kept,['exception_requires_atomic_review'],True,pipeline5_merged_rule_0052,,setback
page_0002__table_001,min_setback_interior_side_yard_rowhouse_end_unit,building_setback,minimum,Interior Side Yard,>=,1.2,m,Rowhouse; 1 to 3 Units; All Buildings; end unit lots,,"Minimum Lot Line Setbacks for All Buildings .2 .3 | Interior Side Yard | Rowhouse | 1 to 3 Units | 0 m, except 1.2 m for end unit lots",[],gemini_table_image,page_0002__table_001,pipeline10_rule_0053,"[{'rule_id': 'pipeline10_rule_0053', 'rule_object': 'setback', 'condition': 'Rowhouse; 1 to 3 Units; All Buildings; end unit lots'}]",['setback'],1,single_scope,['pipeline10_rule_0053'],1,kept,[],False,pipeline5_merged_rule_0053,,setback
page_0002__table_001,min_setback_interior_side_yard_ssmu_1_2,building_setback,minimum,Interior Side Yard,>=,1.2,m,Small-Scale Multi-Unit; 1 to 2 Units; All Buildings,,Minimum Lot Line Setbacks for All Buildings .2 .3 | Interior Side Yard | Small-Scale Multi-Unit | 1 to 2 Units | 1.2 m,[],gemini_table_image,page_0002__table_001,pipeline10_rule_0054,"[{'rule_id': 'pipeline10_rule_0054', 'rule_object': 'setback', 'condition': 'Small-Scale Multi-Unit; 1 to 2 Units; All Buildings'}]",['setback'],1,single_scope,['pipeline10_rule_0054'],1,kept,[],False,pipeline5_merged_rule_0054,,setback
page_0002__table_001,min_setback_interior_side_yard_ssmu_3_4,building_setback,minimum,Interior Side Yard,>=,1.2,m,Small-Scale Multi-Unit; 3 to 4 Units; All Buildings,,Minimum Lot Line Setbacks for All Buildings .2 .3 | Interior Side Yard | Small-Scale Multi-Unit | 3 to 4 Units | 1.2 m,[],gemini_table_image,page_0002__table_001,pipeline10_rule_0055,"[{'rule_id': 'pipeline10_rule_0055', 'rule_object': 'setback', 'condition': 'Small-Scale Multi-Unit; 3 to 4 Units; All Buildings'}]",['setback'],1,single_scope,['pipeline10_rule_0055'],1,kept,[],False,pipeline5_merged_rule_0055,,setback
page_0002__table_001,min_setback_interior_side_yard_ssmu_5_6,building_setback,minimum,Interior Side Yard,>=,1.2,m,Small-Scale Multi-Unit; 5 to 6 Units Frequent Transit Network Area Only; All Buildings,,Minimum Lot Line Setbacks for All Buildings .2 .3 | Interior Side Yard | Small-Scale Multi-Unit | 5 to 6 Units Frequent Transit Network Area Only | 1.2 m,[],gemini_table_image,page_0002__table_001,pipeline10_rule_0056,"[{'rule_id': 'pipeline10_rule_0056', 'rule_object': 'setback', 'condition': 'Small-Scale Multi-Unit; 5 to 6 Units Frequent Transit Network Area Only; All Buildings'}]",['setback'],1,single_scope,['pipeline10_rule_0056'],1,kept,[],False,pipeline5_merged_rule_0056,,setback
page_0002__table_001,min_separation_front_principals_ssmu_1_2,building_separation,minimum,Between Front Principals,>=,2.4,m,Small-Scale Multi-Unit; 1 to 2 Units,,Minimum Separation of Buildings on the Same Lot .4 .5 | Between Front Principals | Small-Scale Multi-Unit | 1 to 2 Units | 2.4 m,[],gemini_table_image,page_0002__table_001,pipeline10_rule_0057,"[{'rule_id': 'pipeline10_rule_0057', 'rule_object': 'building_separation', 'condition': 'Small-Scale Multi-Unit; 1 to 2 Units'}]",['building_separation'],1,single_scope,['pipeline10_rule_0057'],1,kept,[],False,pipeline5_merged_rule_0057,,
page_0002__table_001,min_separation_front_principals_ssmu_3_4,building_separation,minimum,Between Front Principals,>=,2.4,m,Small-Scale Multi-Unit; 3 to 4 Units,,Minimum Separation of Buildings on the Same Lot .4 .5 | Between Front Principals | Small-Scale Multi-Unit | 3 to 4 Units | 2.4 m,[],gemini_table_image,page_0002__table_001,pipeline10_rule_0058,"[{'rule_id': 'pipeline10_rule_0058', 'rule_object': 'building_separation', 'condition': 'Small-Scale Multi-Unit; 3 to 4 Units'}]",['building_separation'],1,single_scope,['pipeline10_rule_0058'],1,kept,[],False,pipeline5_merged_rule_0058,,
page_0002__table_001,min_separation_front_principals_ssmu_5_6,building_separation,minimum,Between Front Principals,>=,2.4,m,Small-Scale Multi-Unit; 5 to 6 Units Frequent Transit Network Area Only,,Minimum Separation of Buildings on the Same Lot .4 .5 | Between Front Principals | Small-Scale Multi-Unit | 5 to 6 Units Frequent Transit Network Area Only | 2.4 m,[],gemini_table_image,page_0002__table_001,pipeline10_rule_0059,"[{'rule_id': 'pipeline10_rule_0059', 'rule_object': 'building_separation', 'condition': 'Small-Scale Multi-Unit; 5 to 6 Units Frequent Transit Network Area Only'}]",['building_separation'],1,single_scope,['pipeline10_rule_0059'],1,kept,[],False,pipeline5_merged_rule_0059,,
page_0002__table_001,min_separation_rear_principals_ssmu_1_2,building_separation,minimum,Between Rear Principals,>=,2.4,m,Small-Scale Multi-Unit; 1 to 2 Units,,Minimum Separation of Buildings on the Same Lot .4 .5 | Between Rear Principals | Small-Scale Multi-Unit | 1 to 2 Units | 2.4 m,[],gemini_table_image,page_0002__table_001,pipeline10_rule_0060,"[{'rule_id': 'pipeline10_rule_0060', 'rule_object': 'building_separation', 'condition': 'Small-Scale Multi-Unit; 1 to 2 Units'}]",['building_separation'],1,single_scope,['pipeline10_rule_0060'],1,kept,[],False,pipeline5_merged_rule_0060,,
page_0002__table_001,min_separation_rear_principals_ssmu_3_4,building_separation,minimum,Between Rear Principals,>=,2.4,m,Small-Scale Multi-Unit; 3 to 4 Units,,Minimum Separation of Buildings on the Same Lot .4 .5 | Between Rear Principals | Small-Scale Multi-Unit | 3 to 4 Units | 2.4 m,[],gemini_table_image,page_0002__table_001,pipeline10_rule_0061,"[{'rule_id': 'pipeline10_rule_0061', 'rule_object': 'building_separation', 'condition': 'Small-Scale Multi-Unit; 3 to 4 Units'}]",['building_separation'],1,single_scope,['pipeline10_rule_0061'],1,kept,[],False,pipeline5_merged_rule_0061,,
page_0002__table_001,min_separation_rear_principals_ssmu_5_6,building_separation,minimum,Between Rear Principals,>=,2.4,m,Small-Scale Multi-Unit; 5 to 6 Units Frequent Transit Network Area Only,,Minimum Separation of Buildings on the Same Lot .4 .5 | Between Rear Principals | Small-Scale Multi-Unit | 5 to 6 Units Frequent Transit Network Area Only | 2.4 m,[],gemini_table_image,page_0002__table_001,pipeline10_rule_0062,"[{'rule_id': 'pipeline10_rule_0062', 'rule_object': 'building_separation', 'condition': 'Small-Scale Multi-Unit; 5 to 6 Units Frequent Transit Network Area Only'}]",['building_separation'],1,single_scope,['pipeline10_rule_0062'],1,kept,[],False,pipeline5_merged_rule_0062,,
page_0002__table_001,min_separation_front_rear_principals,building_separation,minimum,Between Front & Rear Principals,>=,6.0,m,,,Minimum Separation of Buildings on the Same Lot .4 .5 | Between Front & Rear Principals | 6.0 m,[],gemini_table_image,page_0002__table_001,pipeline10_rule_0063,"[{'rule_id': 'pipeline10_rule_0063', 'rule_object': 'building_separation', 'condition': ''}]",['building_separation'],1,single_scope,['pipeline10_rule_0063'],1,kept,[],False,pipeline5_merged_rule_0063,,
page_0002__table_001,min_separation_all_other_buildings,building_separation,minimum,Between All Other Buildings,>=,2.4,m,,,Minimum Separation of Buildings on the Same Lot .4 .5 | Between All Other Buildings | 2.4 m,[],gemini_table_image,page_0002__table_001,pipeline10_rule_0064,"[{'rule_id': 'pipeline10_rule_0064', 'rule_object': 'building_separation', 'condition': ''}]",['building_separation'],1,single_scope,['pipeline10_rule_0064'],1,kept,[],False,pipeline5_merged_rule_0064,,
page_0004__table_001,min_3_plus_bedroom_units_1_to_3_total,dwelling_units,minimum,3+ bedroom units,>=,1,units,Total Dwelling Units on a Lot: 1 to 3 Units,,"101.5.1 All Dwelling Units
(1) The minimum number of dwelling units with at least 3 bedrooms must be provided as follows:
Total Dwelling Units on a Lot
1 to 3 Units
Minimum 3+ Bedroom Units: 1 Unit",[],gemini_table_image,page_0004__table_001,pipeline10_rule_0065,"[{'rule_id': 'pipeline10_rule_0065', 'rule_object': 'dwelling_units', 'condition': 'Total Dwelling Units on a Lot: 1 to 3 Units'}]",['dwelling_units'],1,single_scope,['pipeline10_rule_0065'],1,kept,[],False,pipeline5_merged_rule_0065,,
page_0004__table_001,min_3_plus_bedroom_units_4_to_6_total,dwelling_units,minimum,3+ bedroom units,>=,2,units,Total Dwelling Units on a Lot: 4 to 6 Units,,"101.5.1 All Dwelling Units
(1) The minimum number of dwelling units with at least 3 bedrooms must be provided as follows:
Total Dwelling Units on a Lot
4 to 6 Units
Minimum 3+ Bedroom Units: 2 Units",[],gemini_table_image,page_0004__table_001,pipeline10_rule_0066,"[{'rule_id': 'pipeline10_rule_0066', 'rule_object': 'dwelling_units', 'condition': 'Total Dwelling Units on a Lot: 4 to 6 Units'}]",['dwelling_units'],1,single_scope,['pipeline10_rule_0066'],1,kept,[],False,pipeline5_merged_rule_0066,,
burnaby_generic_graph_pack_011__page_0005__local_004,outdoor_amenity_space_width_dwelling_unit,outdoor_amenity_space_width,dimensional,outdoor_amenity_space,>=,2.0,m,for each primary dwelling unit for its exclusive use and be accessible from the primary dwelling unit it serves,,An outdoor amenity space with a minimum width of 2.0 m,[],gemini_text_batch,text_batch_0004,pipeline10_rule_0138,"[{'rule_id': 'pipeline10_rule_0138', 'rule_object': 'outdoor_amenity_space_width', 'condition': 'for each primary dwelling unit for its exclusive use and be accessible from the primary dwelling unit it serves'}]",['outdoor_amenity_space_width'],1,single_scope,['pipeline10_rule_0138'],1,kept,[],False,pipeline5_merged_rule_0138,,
burnaby_generic_graph_pack_011__page_0005__local_004,outdoor_amenity_space_area_dwelling_unit,outdoor_amenity_space_area,dimensional,outdoor_amenity_space,>=,10.0,m2,for each primary dwelling unit for its exclusive use and be accessible from the primary dwelling unit it serves,,area of 10.0 m2 must be provided for each primary dwelling unit for its exclusive use and be accessible from the primary dwelling unit it serves,[],gemini_text_batch,text_batch_0004,pipeline10_rule_0139,"[{'rule_id': 'pipeline10_rule_0139', 'rule_object': 'outdoor_amenity_space_area', 'condition': 'for each primary dwelling unit for its exclusive use and be accessible from the primary dwelling unit it serves'}]",['outdoor_amenity_space_area'],1,single_scope,['pipeline10_rule_0139'],1,kept,[],False,pipeline5_merged_rule_0139,,
